{"name":"2c1d98a3-3609-4133-9196-5e63023c223a","id":"/providers/Microsoft.Flow/flows/2c1d98a3-3609-4133-9196-5e63023c223a","type":"Microsoft.Flow/flows","properties":{"apiId":"/providers/Microsoft.PowerApps/apis/shared_logicflows","displayName":"cardReader","definition":{"metadata":{"workflowEntityId":null,"processAdvisorMetadata":null,"flowChargedByPaygo":null,"flowclientsuspensionreason":"None","flowclientsuspensiontime":null,"flowclientsuspensionreasondetails":null,"creator":{"id":"2d12a1d3-bf00-44ae-9fb6-fc58c7a64e1f","type":"User","tenantId":"58dd45c5-ba83-4507-b7e5-6f9048ad6941"},"provisioningMethod":"FromDefinition","failureAlertSubscription":true,"clientLastModifiedTime":"2024-09-02T03:20:32.2840112Z","connectionKeySavedTimeKey":"2024-09-02T03:20:32.2840112Z"},"$schema":"https://schema.management.azure.com/providers/Microsoft.Logic/schemas/2016-06-01/workflowdefinition.json#","contentVersion":"1.0.0.0","parameters":{"$connections":{"defaultValue":{},"type":"Object"},"$authentication":{"defaultValue":{},"type":"SecureObject"}},"triggers":{"manual":{"metadata":{"operationMetadataId":"8db96e8a-990f-445b-bc68-9b3d36db21f2"},"type":"Request","kind":"Http","inputs":{"schema":{"type":"object","properties":{"pathFile":{"type":"integer"}}},"method":"POST","triggerAuthenticationType":"All"}}},"actions":{"Extrair_informações_do_cartão_de_visita":{"runAfter":{"Obter_conteúdo_de_arquivo":["Succeeded"]},"metadata":{"operationMetadataId":"b7fd1333-0ce5-4260-9b06-3b9d6ccb3d97","flowSystemMetadata":{"portalOperationId":"aibuilderpredict_businesscard","portalOperationGroup":"aibuilder","portalOperationApiDisplayNameOverride":"AI Builder","portalOperationIconOverride":"https://content.powerapps.com/resource/makerx/static/pauto/images/designeroperations/aiBuilderNew.51dbdb6b.png","portalOperationBrandColorOverride":"#0A76C4","portalOperationApiTierOverride":"Standard"}},"type":"OpenApiConnection","inputs":{"host":{"apiId":"/providers/Microsoft.PowerApps/apis/shared_commondataserviceforapps","connectionName":"shared_commondataserviceforapps","operationId":"aibuilderpredict_businesscard"},"parameters":{"item/requestv2/base64Encoded":"@body('Obter_conteúdo_de_arquivo')","item/requestv2/mimeType":"Detectar automaticamente","recordId":"a0440df3-2656-e911-8194-000d3a6cd5a5"},"authentication":"@parameters('$authentication')"}},"Compor":{"runAfter":{"Extrair_informações_do_cartão_de_visita":["Succeeded"]},"metadata":{"operationMetadataId":"c0d8b6cc-44ce-4103-85ec-7c206d9cbfe2"},"type":"Compose","inputs":"@body('Extrair_informações_do_cartão_de_visita')"},"Obter_conteúdo_de_arquivo":{"runAfter":{"Obter_propriedades_de_arquivo":["Succeeded"]},"metadata":{"operationMetadataId":"8888650a-1018-4cb1-9deb-28decd58ddb5"},"type":"OpenApiConnection","inputs":{"host":{"apiId":"/providers/Microsoft.PowerApps/apis/shared_sharepointonline","connectionName":"shared_sharepointonline","operationId":"GetFileContent"},"parameters":{"dataset":"https://solutionpattern.sharepoint.com/sites/jobs","id":"@outputs('Obter_propriedades_de_arquivo')?['body/{Identifier}']","inferContentType":true},"authentication":"@parameters('$authentication')"}},"Obter_propriedades_de_arquivo":{"runAfter":{},"metadata":{"operationMetadataId":"7c959a5a-b923-4054-a352-51992a648301"},"type":"OpenApiConnection","inputs":{"host":{"apiId":"/providers/Microsoft.PowerApps/apis/shared_sharepointonline","connectionName":"shared_sharepointonline","operationId":"GetFileItem"},"parameters":{"dataset":"https://solutionpattern.sharepoint.com/sites/jobs","table":"1e4e6575-4186-452a-9cee-4535c40ff1fb","id":"@triggerBody()?['pathFile']"},"authentication":"@parameters('$authentication')"}},"Resposta":{"runAfter":{"Compor":["Succeeded"]},"metadata":{"operationMetadataId":"2124a3b5-6729-4e4a-bcb8-97977729fc87"},"type":"Response","kind":"Http","inputs":{"statusCode":201,"body":"@outputs('Compor')"}}}},"connectionReferences":{"shared_commondataserviceforapps":{"connectionName":"shared-commondataser-2e68ac70-c8fb-4eae-8f93-e8aec206846f","source":"Embedded","id":"/providers/Microsoft.PowerApps/apis/shared_commondataserviceforapps","tier":"NotSpecified"},"shared_sharepointonline":{"connectionName":"shared-sharepointonl-b3319920-02b8-4809-a951-9a879b419b63","source":"Embedded","id":"/providers/Microsoft.PowerApps/apis/shared_sharepointonline","tier":"NotSpecified"}},"flowFailureAlertSubscribed":false,"isManaged":false}}